<keymap version="1" name="method" parent="$default">
  <action id="$Redo">
    <keyboard-shortcut first-keystroke="shift alt back_space" />
    <keyboard-shortcut first-keystroke="ctrl y" />
  </action>
  <action id="ActivateLogcatToolWindow">
    <keyboard-shortcut first-keystroke="alt 6" />
  </action>
  <action id="ActivateTODOToolWindow" />
  <action id="Android.SyncProject">
    <keyboard-shortcut first-keystroke="alt s" />
  </action>
  <action id="Back">
    <keyboard-shortcut first-keystroke="ctrl alt left" />
    <keyboard-shortcut first-keystroke="ctrl alt numpad1" />
  </action>
  <action id="ChangesView.Diff" />
  <action id="CleanGradleProject">
    <keyboard-shortcut first-keystroke="alt c" />
  </action>
  <action id="CloseAllEditorsButActive">
    <keyboard-shortcut first-keystroke="shift ctrl alt f4" />
  </action>
  <action id="Compare.SameVersion">
    <keyboard-shortcut first-keystroke="alt v" />
  </action>
  <action id="Compare.Selected">
    <keyboard-shortcut first-keystroke="shift alt v" />
  </action>
  <action id="CompareTwoFiles" />
  <action id="Coverage">
    <keyboard-shortcut first-keystroke="alt f11" />
    <keyboard-shortcut first-keystroke="alt #10000e0" />
  </action>
  <action id="Diff.ShowDiff" />
  <action id="Diff.UpdatedFiles" />
  <action id="Editor Redo">
    <keyboard-shortcut first-keystroke="ctrl y" />
  </action>
  <action id="EditorDeleteLine">
    <keyboard-shortcut first-keystroke="ctrl d" />
  </action>
  <action id="EditorDuplicate">
    <keyboard-shortcut first-keystroke="alt d" />
  </action>
  <action id="EditorToggleCase">
    <keyboard-shortcut first-keystroke="shift ctrl u" />
    <keyboard-shortcut first-keystroke="altGraph u" />
  </action>
  <action id="FileChooser.GotoDesktop" />
  <action id="FileStructurePopup">
    <keyboard-shortcut first-keystroke="ctrl f12" />
    <keyboard-shortcut first-keystroke="shift alt o" />
  </action>
  <action id="FindUsages">
    <keyboard-shortcut first-keystroke="alt #10000e8" />
  </action>
  <action id="FindUsagesInFile">
    <keyboard-shortcut first-keystroke="ctrl #10000e8" />
  </action>
  <action id="Forward">
    <keyboard-shortcut first-keystroke="ctrl alt right" />
    <keyboard-shortcut first-keystroke="ctrl alt numpad3" />
  </action>
  <action id="GotoDeclaration">
    <mouse-shortcut keystroke="control button1" />
    <mouse-shortcut keystroke="button2" />
    <keyboard-shortcut first-keystroke="alt f2" />
  </action>
  <action id="HideCoverage">
    <keyboard-shortcut first-keystroke="ctrl alt f11" />
    <keyboard-shortcut first-keystroke="ctrl alt #10000e0" />
  </action>
  <action id="HighlightUsagesInFile">
    <keyboard-shortcut first-keystroke="shift ctrl #10000e8" />
  </action>
  <action id="NextTab">
    <keyboard-shortcut first-keystroke="alt right" />
    <keyboard-shortcut first-keystroke="ctrl alt page_down" />
  </action>
  <action id="OptimizeImports">
    <keyboard-shortcut first-keystroke="ctrl alt o" />
    <keyboard-shortcut first-keystroke="shift ctrl o" />
  </action>
  <action id="PreviousTab">
    <keyboard-shortcut first-keystroke="alt left" />
    <keyboard-shortcut first-keystroke="ctrl alt page_up" />
  </action>
  <action id="RefactoringMenu1">
    <keyboard-shortcut first-keystroke="alt subtract" />
  </action>
  <action id="RefactoringMenu2">
    <keyboard-shortcut first-keystroke="alt add" />
  </action>
  <action id="RunAnything">
    <keyboard-shortcut first-keystroke="alt r" />
  </action>
  <action id="RunCoverage">
    <keyboard-shortcut first-keystroke="shift ctrl f11" />
  </action>
  <action id="SendEOF" />
  <action id="ShelvedChanges.Diff" />
  <action id="ShowSettingsAndFindUsages">
    <keyboard-shortcut first-keystroke="shift ctrl alt #10000e8" />
  </action>
  <action id="ShowUsages">
    <keyboard-shortcut first-keystroke="ctrl alt #10000e8" />
  </action>
  <action id="SwitchCoverage">
    <keyboard-shortcut first-keystroke="shift ctrl alt minus" />
  </action>
  <action id="UpdateRunningApplication" />
  <action id="Vcs.Log.ShowDiff" />
  <action id="Vcs.ShowTabbedFileHistory">
    <keyboard-shortcut first-keystroke="alt h" />
  </action>
  <action id="XDebugger.CopyWatch" />
  <action id="XDebugger.Inspect">
    <keyboard-shortcut first-keystroke="alt i" />
  </action>
  <action id="android.deploy.ApplyChanges">
    <keyboard-shortcut first-keystroke="ctrl f10" />
  </action>
  <action id="android.deploy.CodeSwap">
    <keyboard-shortcut first-keystroke="ctrl alt f10" />
  </action>
  <action id="openAssertEqualsDiff" />
</keymap>