<application>
  <component name="FileTypeManager" version="17">
    <extensionMap>
      <mapping ext="db" type="Android Room SQL" />
      <mapping ext="webp" type="Image" />
      <mapping ext="main.kts" type="Kotlin" />
      <mapping ext="eps" type="Native" />
      <mapping pattern="list_item_for_swipe_minimal" type="PLAIN_TEXT" />
      <mapping pattern="filter_nfc" type="PLAIN_TEXT" />
      <mapping pattern="jenkinsfile_ok2" type="PLAIN_TEXT" />
      <mapping pattern="jenkisfile_ok" type="PLAIN_TEXT" />
      <mapping pattern="Jenkinsfile" type="PLAIN_TEXT" />
      <mapping ext="keys" type="PLAIN_TEXT" />
      <mapping ext="cml" type="PLAIN_TEXT" />
      <mapping ext="mockmaker" type="PLAIN_TEXT" />
      <mapping ext="p12" type="PLAIN_TEXT" />
    </extensionMap>
  </component>
</application>