<application>
  <component name="MaterialThemeConfig">
    <option name="darkTitleBar" value="true" />
    <option name="isContrastMode" value="true" />
    <option name="isHighContrast" value="true" />
    <option name="isWizardShown" value="true" />
    <option name="pristineConfig" value="false" />
    <option name="accentColor" value="42a5f5" />
    <option name="highlightColor" value="80cbc4" />
    <option name="selectedTheme" value="ARC_DARK" />
    <option name="userId" value="-7698327f:166537337c1:-7fff" />
    <option name="version" value="4.11.5" />
  </component>
</application>