<application>
  <component name="GitRememberedInputs">
    <option name="visitedUrls">
      <list>
        <UrlAndUserName>
          <option name="url" value="http://git.net-courrier.extra.laposte.fr/GROUPE_SHARED_ANDROID/libgraphique-facteo.git" />
          <option name="userName" value="" />
        </UrlAndUserName>
        <UrlAndUserName>
          <option name="url" value="https://github.com/material-components/material-components-android.git" />
          <option name="userName" value="" />
        </UrlAndUserName>
        <UrlAndUserName>
          <option name="url" value="https://github.com/react-native-material-design/demo-app.git" />
          <option name="userName" value="" />
        </UrlAndUserName>
        <UrlAndUserName>
          <option name="url" value="https://github.com/googlecodelabs/android-design-library.git" />
          <option name="userName" value="" />
        </UrlAndUserName>
        <UrlAndUserName>
          <option name="url" value="http://github.com" />
          <option name="userName" value="M6C" />
        </UrlAndUserName>
        <UrlAndUserName>
          <option name="url" value="http://git.net-courrier.extra.laposte.fr" />
          <option name="userName" value="david.roca@laposte.fr" />
        </UrlAndUserName>
      </list>
    </option>
    <option name="cloneParentDir" value="C:\dev\APPUI\Workspace_Android_develop" />
  </component>
  <component name="Vcs.Log.App.Settings">
    <option name="COLUMN_ORDER">
      <list>
        <option value="0" />
        <option value="1" />
        <option value="2" />
        <option value="3" />
      </list>
    </option>
  </component>
</application>